studyArea,simObject,runID,gcm,ssp,gid
NT1_BCR6,simOutPreamble,,CNRM-ESM2-1,370,"1gjQ8VLb397rcDiGAoFkd11JxsaLY9FeH"
NT1_BCR6,simOutPreamble,,CNRM-ESM2-1,585,"1BIS7HyCfNgHoPZkIBxdHeNFjxIN1HLjH"
NT1_BCR6,simOutPreamble,,CanESM5,370,13WknCW6IiL5uqJOijl_yJENa1QQdD8Xl
NT1_BCR6,simOutPreamble,,CanESM5,585,1oD30Un_lNSv7I39W6I2y3oxSBFc01l5W
NT1_BCR6,biomassMaps2001,,"",,1Sr5v-67U8xE9VvPJtesz0M2uPwTfe6Ns
NT1_BCR6,biomassMaps2011,,"",,16uXG8jtxWOZMAxazvzN8s4o_5X0lQZPw
NT1_BCR6,fSsimDataPrep,,"",,""
NT1_BCR6,fSsimDataPrep,,"",,1XlDdMGS0AEoMval7L8l42KUu0yDcT5i0
NT1_BCR6,ignitionOut,,"",,""
NT1_BCR6,ignitionOut,,"",,18-z5Ssmc3qJCWeW-XObiaMYHjka0JFE2
NT1_BCR6,escapeOut,,"",,""
NT1_BCR6,escapeOut,,"",,1zTf3wesj-3wXr3RbdU0K9_U5XzDVfOYK
NT1_BCR6,spreadOut,1,"",,""
NT1_BCR6,spreadOut,1,"",,1lz3t1vpRjFIvWz1dDJYC_OK5bU8EN9z8
NT1_BCR6,spreadOut,2,"",,""
NT1_BCR6,spreadOut,2,"",,1IuHAp_O53TU8-A-l3KSmXf_EJXGAiQ1B
NT1_BCR6,spreadOut,3,"",,""
NT1_BCR6,spreadOut,3,"",,19x_gUuL21Ly3RxXuUSTZX1RdWftoSKHV
NT1_BCR6,spreadOut,4,"",,""
NT1_BCR6,spreadOut,4,"",,1y2DHMUO57iBgckGxAVFuGGxoGSy0tnfI
NT1_BCR6,spreadOut,5,"",,""
NT1_BCR6,spreadOut,5,"",,1LEEG_AZxv0a_hfBtB1G-j0-3mvJCieRd
NT1_BCR6,spreadOut,6,"",,1ga-o4dweAhmbxOqLIeHtnjj3JElQcGku
NT1_BCR6,spreadOut,7,"",,1e77whmLImL5OPRf9ejrbFRRhNvxxwn_b
NT1_BCR6,spreadOut,8,"",,1XCOgDviIeN8LMY7Ci1TeWKr8U5lYpKRU
NT1_BCR6,spreadOut,9,"",,12cU7-3E2CWduPoZqdYX_uhQ9ZyUsbk1B
NT1_BCR6,spreadOut,10,,,1z47VRJi4TUR99NnSfLVoAhZtErh5mOp4
NT1_BCR6,results,,"",,1t6032ggUC__jzaJs5H39LW6iFfrqlK_T
NT1_BCR6,resultsCaribou,,"",,1IpC_u5c7Mluvqdxzk3pue5NFaBHyY6A6
